Wall time,Step,Value
1522098417.0655684,0,3.341165542602539
1522100215.3843064,1,3.159193277359009
1522101997.261593,2,3.0547614097595215
1522103786.7080188,3,3.0043816566467285
1522105548.8210204,4,2.983128547668457
1522107314.4691122,5,2.9484517574310303
1522109079.7856317,6,2.950869083404541
1522110771.9813046,7,2.955209493637085
1522112466.6040778,8,2.9640214443206787
1522114145.512742,9,2.9890804290771484
1522115913.3113139,10,2.9502713680267334
