Wall time,Step,Value
1522699093.0016482,0,3.529207229614258
1522707593.3206773,1,3.447065830230713
1522716586.8083556,2,3.579455614089966
1522725614.6401138,3,3.4505040645599365
1522734589.5304646,4,3.6004061698913574
1522743172.8665144,5,3.6126275062561035
1522752279.9753582,6,3.6961781978607178
