Wall time,Step,Value
1521837076.8582606,0,3.3052639961242676
1521839601.658596,1,3.170180559158325
1521842102.098374,2,3.047264814376831
1521844606.4610786,3,3.0210466384887695
1521847078.1834626,4,3.0163004398345947
1521849655.2273662,5,3.022068500518799
1521852211.7559617,6,3.058988094329834
1521854765.3127377,7,3.078622341156006
1521857323.1453478,8,3.1343460083007812
1521859854.6391785,9,3.168231725692749
