Wall time,Step,Value
1521670827.1685607,0,3.127441644668579
1521674037.5074425,1,3.0411200523376465
1521677324.4888833,2,2.996208429336548
1521680728.4128084,3,3.014038562774658
1521684084.0697095,4,2.983900547027588
1521687474.131648,5,2.965045213699341
1521690407.5356276,6,3.0265822410583496
1521693527.3259797,7,3.0293989181518555
1521696649.7658644,8,3.016688823699951
1521699716.8946834,9,3.0203113555908203
1521702718.4392977,10,3.0226900577545166
