Wall time,Step,Value
1521669172.0354428,0,3.4116125106811523
1521670839.0150366,1,3.2671456336975098
1521672522.2132514,2,3.160567283630371
1521674172.6745927,3,3.109743595123291
1521675805.514878,4,3.106812000274658
1521677444.7259874,5,3.0902912616729736
1521679157.2579997,6,3.1061742305755615
1521680851.930005,7,3.1123785972595215
1521682500.3231733,8,3.132835626602173
1521684170.6212218,9,3.156954288482666
1521685867.923788,10,3.160554885864258
