Wall time,Step,Value
1522189506.2662737,0,3.4220595359802246
1522194052.3763552,1,3.156625270843506
1522198598.6202457,2,2.97452449798584
1522203172.1719227,3,2.9107139110565186
1522207729.7824829,4,2.8786373138427734
1522212315.2394507,5,2.821092367172241
1522216934.1873727,6,2.818319082260132
1522220875.2737627,7,2.8439323902130127
1522225024.064511,8,2.901703357696533
1522229470.7905405,9,2.8972485065460205
1522233443.919371,10,2.8596489429473877
1522237157.5807202,11,2.8768930435180664
