Wall time,Step,Value
1522172584.8815,0,3.2906317710876465
1522174635.1946712,1,3.074397563934326
1522176569.5635777,2,2.9410815238952637
1522178491.1054008,3,2.887965440750122
1522180420.8242822,4,2.8871986865997314
1522182371.6664038,5,2.8578484058380127
1522184289.2041466,6,2.8348464965820312
1522186208.6675951,7,2.8576316833496094
1522188100.8454072,8,2.874516248703003
1522189992.9876597,9,2.900214910507202
1522191860.2711747,10,2.910992383956909
1522193720.4160182,11,2.9101173877716064
