Wall time,Step,Value
1521668562.8466327,0,2.950627088546753
1521669927.390554,1,2.8640811443328857
1521671467.3487685,2,2.84928035736084
1521673077.8999722,3,2.847898006439209
1521674571.9676886,4,2.8616349697113037
1521675917.2291958,5,2.86216402053833
1521677293.5858214,6,2.854956865310669
1521678931.3224897,7,2.873394727706909
1521680521.9532795,8,2.9255011081695557
